-- phpMyAdmin SQL Dump
-- version 5.1.0
-- https://www.phpmyadmin.net/
--
-- Host: localhost
-- Generation Time: Aug 11, 2021 at 10:32 PM
-- Server version: 10.4.18-MariaDB
-- PHP Version: 7.3.27

SET SQL_MODE = "NO_AUTO_VALUE_ON_ZERO";
START TRANSACTION;
SET time_zone = "+00:00";


/*!40101 SET @OLD_CHARACTER_SET_CLIENT=@@CHARACTER_SET_CLIENT */;
/*!40101 SET @OLD_CHARACTER_SET_RESULTS=@@CHARACTER_SET_RESULTS */;
/*!40101 SET @OLD_COLLATION_CONNECTION=@@COLLATION_CONNECTION */;
/*!40101 SET NAMES utf8mb4 */;

--
-- Database: `clinicApp`
--

-- --------------------------------------------------------

--
-- Table structure for table `appointments`
--

CREATE TABLE `appointments` (
  `id` bigint(20) UNSIGNED NOT NULL,
  `user_id` int(11) NOT NULL,
  `date` varchar(255) COLLATE utf8mb4_unicode_ci NOT NULL,
  `created_at` timestamp NULL DEFAULT NULL,
  `updated_at` timestamp NULL DEFAULT NULL
) ENGINE=InnoDB DEFAULT CHARSET=utf8mb4 COLLATE=utf8mb4_unicode_ci;

--
-- Dumping data for table `appointments`
--

INSERT INTO `appointments` (`id`, `user_id`, `date`, `created_at`, `updated_at`) VALUES
(1, 3, '2021-07-24', '2021-07-23 23:15:02', '2021-07-23 23:15:02'),
(3, 6, '2021-07-26', '2021-07-23 23:19:44', '2021-07-23 23:19:44'),
(4, 4, '2021-07-30', '2021-07-23 23:39:02', '2021-07-23 23:39:02'),
(5, 4, '2021-08-06', '2021-07-27 22:21:55', '2021-07-27 22:21:55'),
(6, 6, '2021-07-28', '2021-07-27 22:22:08', '2021-07-27 22:22:08'),
(7, 6, '2021-08-06', '2021-07-28 18:30:40', '2021-07-28 18:30:40'),
(8, 6, '2021-07-30', '2021-07-28 18:31:38', '2021-07-28 18:31:38'),
(9, 6, '2021-07-29', '2021-07-28 23:12:13', '2021-07-28 23:12:13'),
(10, 6, '2021-08-07', '2021-08-06 02:57:07', '2021-08-06 02:57:07');

-- --------------------------------------------------------

--
-- Table structure for table `bookings`
--

CREATE TABLE `bookings` (
  `id` bigint(20) UNSIGNED NOT NULL,
  `user_id` int(11) NOT NULL,
  `doctor_id` int(11) NOT NULL,
  `time` varchar(255) COLLATE utf8mb4_unicode_ci NOT NULL,
  `status` int(11) NOT NULL DEFAULT 0,
  `created_at` timestamp NULL DEFAULT NULL,
  `updated_at` timestamp NULL DEFAULT NULL,
  `date` varchar(255) COLLATE utf8mb4_unicode_ci NOT NULL
) ENGINE=InnoDB DEFAULT CHARSET=utf8mb4 COLLATE=utf8mb4_unicode_ci;

--
-- Dumping data for table `bookings`
--

INSERT INTO `bookings` (`id`, `user_id`, `doctor_id`, `time`, `status`, `created_at`, `updated_at`, `date`) VALUES
(6, 8, 4, '5.00pm', 1, '2021-07-28 20:45:48', '2021-08-05 18:53:24', '2021-08-06'),
(8, 7, 6, '10.30am', 1, '2021-07-29 12:11:04', '2021-08-05 18:53:32', '2021-08-06'),
(9, 8, 6, '9.00am', 1, '2021-08-05 15:07:57', '2021-08-05 15:07:57', '2021-08-06'),
(10, 7, 4, '9.15am', 0, '2021-08-05 22:58:02', '2021-08-10 23:11:25', '2021-08-05'),
(11, 7, 4, '2.00pm', 0, '2021-08-06 17:19:40', '2021-08-06 17:19:40', '2021-08-06'),
(12, 8, 4, '11.45am', 0, '2021-08-06 17:22:06', '2021-08-06 17:22:06', '2021-08-06');

-- --------------------------------------------------------

--
-- Table structure for table `departments`
--

CREATE TABLE `departments` (
  `id` bigint(20) UNSIGNED NOT NULL,
  `department` varchar(255) COLLATE utf8mb4_unicode_ci NOT NULL,
  `created_at` timestamp NULL DEFAULT NULL,
  `updated_at` timestamp NULL DEFAULT NULL
) ENGINE=InnoDB DEFAULT CHARSET=utf8mb4 COLLATE=utf8mb4_unicode_ci;

--
-- Dumping data for table `departments`
--

INSERT INTO `departments` (`id`, `department`, `created_at`, `updated_at`) VALUES
(1, 'Neurologist', '2021-08-10 19:56:28', '2021-08-10 19:56:28'),
(2, 'Dentists', '2021-08-10 22:39:25', '2021-08-10 22:54:32'),
(3, 'Cardiologists', '2021-08-10 22:39:31', '2021-08-10 22:54:55'),
(4, 'Family-Physician', '2021-08-10 22:39:40', '2021-08-10 22:39:40'),
(8, 'asdf', '2021-08-10 23:30:31', '2021-08-10 23:30:31');

-- --------------------------------------------------------

--
-- Table structure for table `failed_jobs`
--

CREATE TABLE `failed_jobs` (
  `id` bigint(20) UNSIGNED NOT NULL,
  `connection` text COLLATE utf8mb4_unicode_ci NOT NULL,
  `queue` text COLLATE utf8mb4_unicode_ci NOT NULL,
  `payload` longtext COLLATE utf8mb4_unicode_ci NOT NULL,
  `exception` longtext COLLATE utf8mb4_unicode_ci NOT NULL,
  `failed_at` timestamp NOT NULL DEFAULT current_timestamp()
) ENGINE=InnoDB DEFAULT CHARSET=utf8mb4 COLLATE=utf8mb4_unicode_ci;

-- --------------------------------------------------------

--
-- Table structure for table `migrations`
--

CREATE TABLE `migrations` (
  `id` int(10) UNSIGNED NOT NULL,
  `migration` varchar(255) COLLATE utf8mb4_unicode_ci NOT NULL,
  `batch` int(11) NOT NULL
) ENGINE=InnoDB DEFAULT CHARSET=utf8mb4 COLLATE=utf8mb4_unicode_ci;

--
-- Dumping data for table `migrations`
--

INSERT INTO `migrations` (`id`, `migration`, `batch`) VALUES
(1, '2014_10_12_000000_create_users_table', 1),
(2, '2014_10_12_100000_create_password_resets_table', 1),
(3, '2019_08_19_000000_create_failed_jobs_table', 1),
(4, '2021_07_16_181645_create_roles_table', 1),
(5, '2021_07_16_182105_add_gender_to_users_table', 1),
(6, '2021_07_22_160602_create_appointments_table', 2),
(7, '2021_07_23_181011_create_times_table', 2),
(8, '2021_07_28_185847_create_bookings_table', 3),
(9, '2021_07_28_193707_add_date_to_bookings_table', 4),
(10, '2021_08_05_151554_create_prescriptions_table', 5),
(11, '2021_08_06_183028_create_departments_table', 6);

-- --------------------------------------------------------

--
-- Table structure for table `password_resets`
--

CREATE TABLE `password_resets` (
  `email` varchar(255) COLLATE utf8mb4_unicode_ci NOT NULL,
  `token` varchar(255) COLLATE utf8mb4_unicode_ci NOT NULL,
  `created_at` timestamp NULL DEFAULT NULL
) ENGINE=InnoDB DEFAULT CHARSET=utf8mb4 COLLATE=utf8mb4_unicode_ci;

-- --------------------------------------------------------

--
-- Table structure for table `prescriptions`
--

CREATE TABLE `prescriptions` (
  `id` bigint(20) UNSIGNED NOT NULL,
  `name_of_disease` varchar(255) COLLATE utf8mb4_unicode_ci NOT NULL,
  `symptoms` varchar(255) COLLATE utf8mb4_unicode_ci NOT NULL,
  `user_id` int(11) NOT NULL,
  `doctor_id` int(11) NOT NULL,
  `date` varchar(255) COLLATE utf8mb4_unicode_ci NOT NULL,
  `medicine` text COLLATE utf8mb4_unicode_ci NOT NULL,
  `use_instructions` text COLLATE utf8mb4_unicode_ci NOT NULL,
  `feedback` text COLLATE utf8mb4_unicode_ci NOT NULL,
  `signature` varchar(255) COLLATE utf8mb4_unicode_ci NOT NULL,
  `created_at` timestamp NULL DEFAULT NULL,
  `updated_at` timestamp NULL DEFAULT NULL
) ENGINE=InnoDB DEFAULT CHARSET=utf8mb4 COLLATE=utf8mb4_unicode_ci;

--
-- Dumping data for table `prescriptions`
--

INSERT INTO `prescriptions` (`id`, `name_of_disease`, `symptoms`, `user_id`, `doctor_id`, `date`, `medicine`, `use_instructions`, `feedback`, `signature`, `created_at`, `updated_at`) VALUES
(1, 'Covid-19', 'Loss of taste, Touch Smell', 8, 4, '2021-08-05', 'Phizer Vaccine,Moderna Vaccine,Johnson & Johnson Vaccine', 'Two shots via arm spaced between months with additional boosters if necessary', 'Rest at home and quarantine from others for at least 2 weeks after getting the shot.', 'Doctor Poop head', '2021-08-05 22:49:47', '2021-08-05 22:49:47'),
(2, 'Covid Delta', 'Unknown', 7, 6, '2021-08-06', 'unknown', 'unknown', 'unknown', 'unknown', '2021-08-06 19:05:00', '2021-08-06 19:05:00'),
(3, 'test', 'testea', 8, 6, '2021-08-06', 'asdfasdf', 'asdfasdf', 'asdfasdf', 'asdfasdf', '2021-08-06 21:01:27', '2021-08-06 21:01:27');

-- --------------------------------------------------------

--
-- Table structure for table `roles`
--

CREATE TABLE `roles` (
  `id` bigint(20) UNSIGNED NOT NULL,
  `name` varchar(255) COLLATE utf8mb4_unicode_ci NOT NULL,
  `created_at` timestamp NULL DEFAULT NULL,
  `updated_at` timestamp NULL DEFAULT NULL
) ENGINE=InnoDB DEFAULT CHARSET=utf8mb4 COLLATE=utf8mb4_unicode_ci;

--
-- Dumping data for table `roles`
--

INSERT INTO `roles` (`id`, `name`, `created_at`, `updated_at`) VALUES
(1, 'doctor', '2021-07-19 20:46:02', '2021-07-19 20:46:02'),
(2, 'admin', '2021-07-19 20:46:02', '2021-07-19 20:46:02'),
(3, 'patient', '2021-07-19 20:46:02', '2021-07-19 20:46:02');

-- --------------------------------------------------------

--
-- Table structure for table `times`
--

CREATE TABLE `times` (
  `id` bigint(20) UNSIGNED NOT NULL,
  `appointment_id` int(11) NOT NULL,
  `time` varchar(255) COLLATE utf8mb4_unicode_ci NOT NULL,
  `status` int(11) NOT NULL DEFAULT 0,
  `created_at` timestamp NULL DEFAULT NULL,
  `updated_at` timestamp NULL DEFAULT NULL
) ENGINE=InnoDB DEFAULT CHARSET=utf8mb4 COLLATE=utf8mb4_unicode_ci;

--
-- Dumping data for table `times`
--

INSERT INTO `times` (`id`, `appointment_id`, `time`, `status`, `created_at`, `updated_at`) VALUES
(1, 1, '6.00am', 0, '2021-07-23 23:15:02', '2021-07-23 23:15:02'),
(2, 1, '6.15am', 0, '2021-07-23 23:15:02', '2021-07-23 23:15:02'),
(3, 1, '6.30am', 0, '2021-07-23 23:15:02', '2021-07-23 23:15:02'),
(4, 1, '6.45am', 0, '2021-07-23 23:15:02', '2021-07-23 23:15:02'),
(5, 1, '7.00am', 0, '2021-07-23 23:15:02', '2021-07-23 23:15:02'),
(6, 1, '7.15am', 0, '2021-07-23 23:15:02', '2021-07-23 23:15:02'),
(7, 1, '7.30am', 0, '2021-07-23 23:15:02', '2021-07-23 23:15:02'),
(8, 1, '7.45am', 0, '2021-07-23 23:15:02', '2021-07-23 23:15:02'),
(9, 1, '8.00am', 0, '2021-07-23 23:15:02', '2021-07-23 23:15:02'),
(10, 1, '8.15am', 0, '2021-07-23 23:15:02', '2021-07-23 23:15:02'),
(11, 1, '8.30am', 0, '2021-07-23 23:15:02', '2021-07-23 23:15:02'),
(12, 1, '8.45am', 0, '2021-07-23 23:15:02', '2021-07-23 23:15:02'),
(13, 1, '9.00am', 0, '2021-07-23 23:15:02', '2021-07-23 23:15:02'),
(14, 1, '9.15am', 0, '2021-07-23 23:15:02', '2021-07-23 23:15:02'),
(15, 1, '9.30am', 0, '2021-07-23 23:15:02', '2021-07-23 23:15:02'),
(16, 1, '9.45am', 0, '2021-07-23 23:15:02', '2021-07-23 23:15:02'),
(17, 1, '10.00am', 0, '2021-07-23 23:15:02', '2021-07-23 23:15:02'),
(18, 1, '10.15am', 0, '2021-07-23 23:15:02', '2021-07-23 23:15:02'),
(19, 1, '10.30am', 0, '2021-07-23 23:15:02', '2021-07-23 23:15:02'),
(20, 1, '10.45am', 0, '2021-07-23 23:15:02', '2021-07-23 23:15:02'),
(21, 1, '11.00am', 0, '2021-07-23 23:15:02', '2021-07-23 23:15:02'),
(22, 1, '11.15am', 0, '2021-07-23 23:15:02', '2021-07-23 23:15:02'),
(23, 1, '11.30am', 0, '2021-07-23 23:15:02', '2021-07-23 23:15:02'),
(24, 1, '11.45am', 0, '2021-07-23 23:15:02', '2021-07-23 23:15:02'),
(25, 1, '12.00pm', 0, '2021-07-23 23:15:02', '2021-07-23 23:15:02'),
(26, 1, '12.15pm', 0, '2021-07-23 23:15:02', '2021-07-23 23:15:02'),
(27, 1, '12.30pm', 0, '2021-07-23 23:15:02', '2021-07-23 23:15:02'),
(28, 1, '12.45pm', 0, '2021-07-23 23:15:02', '2021-07-23 23:15:02'),
(29, 1, '1.00pm', 0, '2021-07-23 23:15:02', '2021-07-23 23:15:02'),
(30, 1, '1.15pm', 0, '2021-07-23 23:15:02', '2021-07-23 23:15:02'),
(31, 1, '1.30pm', 0, '2021-07-23 23:15:02', '2021-07-23 23:15:02'),
(32, 1, '1.45pm', 0, '2021-07-23 23:15:02', '2021-07-23 23:15:02'),
(33, 1, '2.00pm', 0, '2021-07-23 23:15:02', '2021-07-23 23:15:02'),
(34, 1, '2.15pm', 0, '2021-07-23 23:15:02', '2021-07-23 23:15:02'),
(35, 1, '2.30pm', 0, '2021-07-23 23:15:02', '2021-07-23 23:15:02'),
(36, 1, '2.45pm', 0, '2021-07-23 23:15:02', '2021-07-23 23:15:02'),
(37, 1, '3.00pm', 0, '2021-07-23 23:15:02', '2021-07-23 23:15:02'),
(38, 1, '3.15pm', 0, '2021-07-23 23:15:02', '2021-07-23 23:15:02'),
(39, 1, '3.30pm', 0, '2021-07-23 23:15:02', '2021-07-23 23:15:02'),
(40, 1, '3.45pm', 0, '2021-07-23 23:15:02', '2021-07-23 23:15:02'),
(41, 1, '4.00pm', 0, '2021-07-23 23:15:02', '2021-07-23 23:15:02'),
(42, 1, '4.15pm', 0, '2021-07-23 23:15:02', '2021-07-23 23:15:02'),
(43, 1, '4.30pm', 0, '2021-07-23 23:15:02', '2021-07-23 23:15:02'),
(44, 1, '4.45pm', 0, '2021-07-23 23:15:02', '2021-07-23 23:15:02'),
(45, 1, '5.00pm', 0, '2021-07-23 23:15:02', '2021-07-23 23:15:02'),
(46, 1, '5.15pm', 0, '2021-07-23 23:15:02', '2021-07-23 23:15:02'),
(47, 1, '5.30pm', 0, '2021-07-23 23:15:02', '2021-07-23 23:15:02'),
(48, 1, '5.45pm', 0, '2021-07-23 23:15:02', '2021-07-23 23:15:02'),
(49, 1, '6.00pm', 0, '2021-07-23 23:15:02', '2021-07-23 23:15:02'),
(50, 1, '6.15pm', 0, '2021-07-23 23:15:02', '2021-07-23 23:15:02'),
(51, 1, '6.30pm', 0, '2021-07-23 23:15:02', '2021-07-23 23:15:02'),
(52, 1, '6.45pm', 0, '2021-07-23 23:15:02', '2021-07-23 23:15:02'),
(53, 1, '7.00pm', 0, '2021-07-23 23:15:02', '2021-07-23 23:15:02'),
(54, 1, '7.15pm', 0, '2021-07-23 23:15:02', '2021-07-23 23:15:02'),
(55, 1, '7.30pm', 0, '2021-07-23 23:15:02', '2021-07-23 23:15:02'),
(56, 1, '7.45pm', 0, '2021-07-23 23:15:02', '2021-07-23 23:15:02'),
(57, 1, '8.00pm', 0, '2021-07-23 23:15:02', '2021-07-23 23:15:02'),
(58, 1, '8.15pm', 0, '2021-07-23 23:15:02', '2021-07-23 23:15:02'),
(59, 1, '8.30pm', 0, '2021-07-23 23:15:02', '2021-07-23 23:15:02'),
(60, 1, '8.45pm', 0, '2021-07-23 23:15:02', '2021-07-23 23:15:02'),
(61, 1, '9.00pm', 0, '2021-07-23 23:15:02', '2021-07-23 23:15:02'),
(62, 1, '9.15pm', 0, '2021-07-23 23:15:02', '2021-07-23 23:15:02'),
(63, 1, '9.30pm', 0, '2021-07-23 23:15:02', '2021-07-23 23:15:02'),
(64, 1, '9.45pm', 0, '2021-07-23 23:15:02', '2021-07-23 23:15:02'),
(65, 2, '6.00am', 0, '2021-07-23 23:19:13', '2021-07-23 23:19:13'),
(66, 2, '6.15am', 0, '2021-07-23 23:19:13', '2021-07-23 23:19:13'),
(67, 2, '6.30am', 0, '2021-07-23 23:19:13', '2021-07-23 23:19:13'),
(68, 2, '6.45am', 0, '2021-07-23 23:19:13', '2021-07-23 23:19:13'),
(69, 2, '7.00am', 0, '2021-07-23 23:19:13', '2021-07-23 23:19:13'),
(70, 2, '7.15am', 0, '2021-07-23 23:19:13', '2021-07-23 23:19:13'),
(71, 2, '7.30am', 0, '2021-07-23 23:19:13', '2021-07-23 23:19:13'),
(72, 2, '7.45am', 0, '2021-07-23 23:19:13', '2021-07-23 23:19:13'),
(73, 2, '8.00am', 0, '2021-07-23 23:19:13', '2021-07-23 23:19:13'),
(74, 2, '8.15am', 0, '2021-07-23 23:19:13', '2021-07-23 23:19:13'),
(75, 2, '8.30am', 0, '2021-07-23 23:19:13', '2021-07-23 23:19:13'),
(76, 2, '8.45am', 0, '2021-07-23 23:19:13', '2021-07-23 23:19:13'),
(77, 2, '9.00am', 0, '2021-07-23 23:19:13', '2021-07-23 23:19:13'),
(78, 2, '9.15am', 0, '2021-07-23 23:19:13', '2021-07-23 23:19:13'),
(79, 2, '9.30am', 0, '2021-07-23 23:19:13', '2021-07-23 23:19:13'),
(80, 2, '9.45am', 0, '2021-07-23 23:19:13', '2021-07-23 23:19:13'),
(81, 2, '10.00am', 0, '2021-07-23 23:19:13', '2021-07-23 23:19:13'),
(82, 2, '10.15am', 0, '2021-07-23 23:19:13', '2021-07-23 23:19:13'),
(83, 2, '10.30am', 0, '2021-07-23 23:19:13', '2021-07-23 23:19:13'),
(84, 2, '10.45am', 0, '2021-07-23 23:19:13', '2021-07-23 23:19:13'),
(85, 2, '11.00am', 0, '2021-07-23 23:19:13', '2021-07-23 23:19:13'),
(86, 2, '11.15am', 0, '2021-07-23 23:19:13', '2021-07-23 23:19:13'),
(87, 2, '11.30am', 0, '2021-07-23 23:19:13', '2021-07-23 23:19:13'),
(88, 2, '11.45am', 0, '2021-07-23 23:19:13', '2021-07-23 23:19:13'),
(89, 2, '12.00pm', 0, '2021-07-23 23:19:13', '2021-07-23 23:19:13'),
(90, 2, '12.15pm', 0, '2021-07-23 23:19:13', '2021-07-23 23:19:13'),
(91, 2, '12.30pm', 0, '2021-07-23 23:19:13', '2021-07-23 23:19:13'),
(92, 2, '12.45pm', 0, '2021-07-23 23:19:13', '2021-07-23 23:19:13'),
(93, 2, '1.00pm', 0, '2021-07-23 23:19:13', '2021-07-23 23:19:13'),
(94, 2, '1.15pm', 0, '2021-07-23 23:19:13', '2021-07-23 23:19:13'),
(95, 2, '1.30pm', 0, '2021-07-23 23:19:13', '2021-07-23 23:19:13'),
(96, 2, '1.45pm', 0, '2021-07-23 23:19:13', '2021-07-23 23:19:13'),
(97, 2, '2.00pm', 0, '2021-07-23 23:19:13', '2021-07-23 23:19:13'),
(98, 2, '2.15pm', 0, '2021-07-23 23:19:13', '2021-07-23 23:19:13'),
(99, 2, '2.30pm', 0, '2021-07-23 23:19:13', '2021-07-23 23:19:13'),
(100, 2, '2.45pm', 0, '2021-07-23 23:19:13', '2021-07-23 23:19:13'),
(101, 2, '3.00pm', 0, '2021-07-23 23:19:13', '2021-07-23 23:19:13'),
(102, 2, '3.15pm', 0, '2021-07-23 23:19:13', '2021-07-23 23:19:13'),
(103, 2, '3.30pm', 0, '2021-07-23 23:19:13', '2021-07-23 23:19:13'),
(104, 2, '3.45pm', 0, '2021-07-23 23:19:13', '2021-07-23 23:19:13'),
(105, 2, '4.00pm', 0, '2021-07-23 23:19:13', '2021-07-23 23:19:13'),
(106, 2, '4.15pm', 0, '2021-07-23 23:19:13', '2021-07-23 23:19:13'),
(107, 2, '4.30pm', 0, '2021-07-23 23:19:13', '2021-07-23 23:19:13'),
(108, 2, '4.45pm', 0, '2021-07-23 23:19:13', '2021-07-23 23:19:13'),
(109, 2, '5.00pm', 0, '2021-07-23 23:19:13', '2021-07-23 23:19:13'),
(110, 2, '5.15pm', 0, '2021-07-23 23:19:13', '2021-07-23 23:19:13'),
(111, 2, '5.30pm', 0, '2021-07-23 23:19:13', '2021-07-23 23:19:13'),
(112, 2, '5.45pm', 0, '2021-07-23 23:19:13', '2021-07-23 23:19:13'),
(113, 2, '6.00pm', 0, '2021-07-23 23:19:13', '2021-07-23 23:19:13'),
(114, 2, '6.15pm', 0, '2021-07-23 23:19:13', '2021-07-23 23:19:13'),
(115, 2, '6.30pm', 0, '2021-07-23 23:19:13', '2021-07-23 23:19:13'),
(116, 2, '6.45pm', 0, '2021-07-23 23:19:13', '2021-07-23 23:19:13'),
(117, 2, '7.00pm', 0, '2021-07-23 23:19:13', '2021-07-23 23:19:13'),
(118, 2, '7.15pm', 0, '2021-07-23 23:19:13', '2021-07-23 23:19:13'),
(119, 2, '7.30pm', 0, '2021-07-23 23:19:13', '2021-07-23 23:19:13'),
(120, 2, '7.45pm', 0, '2021-07-23 23:19:13', '2021-07-23 23:19:13'),
(121, 2, '8.00pm', 0, '2021-07-23 23:19:13', '2021-07-23 23:19:13'),
(122, 2, '8.15pm', 0, '2021-07-23 23:19:13', '2021-07-23 23:19:13'),
(123, 2, '8.30pm', 0, '2021-07-23 23:19:13', '2021-07-23 23:19:13'),
(124, 2, '8.45pm', 0, '2021-07-23 23:19:13', '2021-07-23 23:19:13'),
(125, 2, '9.00pm', 0, '2021-07-23 23:19:13', '2021-07-23 23:19:13'),
(126, 2, '9.15pm', 0, '2021-07-23 23:19:13', '2021-07-23 23:19:13'),
(127, 2, '9.30pm', 0, '2021-07-23 23:19:13', '2021-07-23 23:19:13'),
(128, 2, '9.45pm', 0, '2021-07-23 23:19:13', '2021-07-23 23:19:13'),
(197, 4, '6.00am', 1, '2021-07-27 00:51:19', '2021-07-28 23:58:36'),
(198, 4, '6.15am', 1, '2021-07-27 00:51:19', '2021-07-29 00:01:06'),
(199, 4, '6.30am', 1, '2021-07-27 00:51:19', '2021-07-28 20:16:56'),
(200, 4, '6.45am', 0, '2021-07-27 00:51:19', '2021-07-27 00:51:19'),
(201, 4, '7.00am', 0, '2021-07-27 00:51:19', '2021-07-27 00:51:19'),
(202, 4, '7.15am', 0, '2021-07-27 00:51:19', '2021-07-27 00:51:19'),
(203, 4, '7.30am', 0, '2021-07-27 00:51:19', '2021-07-27 00:51:19'),
(204, 4, '7.45am', 0, '2021-07-27 00:51:19', '2021-07-27 00:51:19'),
(205, 4, '8.00am', 0, '2021-07-27 00:51:19', '2021-07-27 00:51:19'),
(206, 4, '8.15am', 0, '2021-07-27 00:51:19', '2021-07-27 00:51:19'),
(207, 4, '8.30am', 0, '2021-07-27 00:51:19', '2021-07-27 00:51:19'),
(208, 4, '8.45am', 0, '2021-07-27 00:51:19', '2021-07-27 00:51:19'),
(209, 4, '9.00am', 0, '2021-07-27 00:51:19', '2021-07-27 00:51:19'),
(210, 4, '9.15am', 0, '2021-07-27 00:51:19', '2021-07-27 00:51:19'),
(211, 4, '9.30am', 0, '2021-07-27 00:51:19', '2021-07-27 00:51:19'),
(212, 4, '9.45am', 0, '2021-07-27 00:51:19', '2021-07-27 00:51:19'),
(213, 4, '10.00am', 0, '2021-07-27 00:51:19', '2021-07-27 00:51:19'),
(214, 4, '10.15am', 0, '2021-07-27 00:51:19', '2021-07-27 00:51:19'),
(215, 4, '10.30am', 0, '2021-07-27 00:51:19', '2021-07-27 00:51:19'),
(216, 4, '10.45am', 0, '2021-07-27 00:51:19', '2021-07-27 00:51:19'),
(217, 4, '11.00am', 0, '2021-07-27 00:51:19', '2021-07-27 00:51:19'),
(218, 4, '11.15am', 0, '2021-07-27 00:51:19', '2021-07-27 00:51:19'),
(219, 4, '11.30am', 0, '2021-07-27 00:51:19', '2021-07-27 00:51:19'),
(220, 4, '11.45am', 0, '2021-07-27 00:51:19', '2021-07-27 00:51:19'),
(221, 4, '12.00pm', 0, '2021-07-27 00:51:19', '2021-07-27 00:51:19'),
(222, 4, '12.15pm', 0, '2021-07-27 00:51:19', '2021-07-27 00:51:19'),
(223, 4, '12.30pm', 0, '2021-07-27 00:51:19', '2021-07-27 00:51:19'),
(224, 4, '12.45pm', 0, '2021-07-27 00:51:19', '2021-07-27 00:51:19'),
(225, 4, '1.00pm', 0, '2021-07-27 00:51:19', '2021-07-27 00:51:19'),
(226, 4, '1.15pm', 0, '2021-07-27 00:51:19', '2021-07-27 00:51:19'),
(227, 4, '1.30pm', 0, '2021-07-27 00:51:19', '2021-07-27 00:51:19'),
(228, 4, '1.45pm', 0, '2021-07-27 00:51:19', '2021-07-27 00:51:19'),
(229, 4, '2.00pm', 0, '2021-07-27 00:51:19', '2021-07-27 00:51:19'),
(230, 4, '2.15pm', 0, '2021-07-27 00:51:19', '2021-07-27 00:51:19'),
(231, 4, '2.30pm', 0, '2021-07-27 00:51:19', '2021-07-27 00:51:19'),
(232, 4, '2.45pm', 0, '2021-07-27 00:51:19', '2021-07-27 00:51:19'),
(233, 4, '3.00pm', 0, '2021-07-27 00:51:19', '2021-07-27 00:51:19'),
(234, 4, '3.15pm', 0, '2021-07-27 00:51:19', '2021-07-27 00:51:19'),
(235, 4, '3.30pm', 0, '2021-07-27 00:51:19', '2021-07-27 00:51:19'),
(236, 4, '3.45pm', 0, '2021-07-27 00:51:19', '2021-07-27 00:51:19'),
(237, 4, '4.00pm', 0, '2021-07-27 00:51:19', '2021-07-27 00:51:19'),
(238, 4, '4.15pm', 0, '2021-07-27 00:51:19', '2021-07-27 00:51:19'),
(239, 4, '4.30pm', 0, '2021-07-27 00:51:19', '2021-07-27 00:51:19'),
(240, 4, '4.45pm', 0, '2021-07-27 00:51:19', '2021-07-27 00:51:19'),
(241, 4, '5.00pm', 0, '2021-07-27 00:51:19', '2021-07-27 00:51:19'),
(242, 4, '5.15pm', 0, '2021-07-27 00:51:19', '2021-07-27 00:51:19'),
(243, 4, '5.30pm', 0, '2021-07-27 00:51:19', '2021-07-27 00:51:19'),
(244, 4, '5.45pm', 0, '2021-07-27 00:51:19', '2021-07-27 00:51:19'),
(245, 4, '6.00pm', 0, '2021-07-27 00:51:19', '2021-07-27 00:51:19'),
(246, 4, '6.15pm', 0, '2021-07-27 00:51:19', '2021-07-27 00:51:19'),
(247, 4, '6.30pm', 0, '2021-07-27 00:51:19', '2021-07-27 00:51:19'),
(248, 4, '6.45pm', 0, '2021-07-27 00:51:19', '2021-07-27 00:51:19'),
(249, 4, '7.00pm', 0, '2021-07-27 00:51:19', '2021-07-27 00:51:19'),
(250, 4, '7.15pm', 0, '2021-07-27 00:51:19', '2021-07-27 00:51:19'),
(251, 4, '7.30pm', 0, '2021-07-27 00:51:19', '2021-07-27 00:51:19'),
(252, 4, '7.45pm', 0, '2021-07-27 00:51:19', '2021-07-27 00:51:19'),
(253, 4, '8.00pm', 0, '2021-07-27 00:51:19', '2021-07-27 00:51:19'),
(254, 4, '8.15pm', 0, '2021-07-27 00:51:19', '2021-07-27 00:51:19'),
(255, 4, '8.30pm', 0, '2021-07-27 00:51:19', '2021-07-27 00:51:19'),
(256, 4, '8.45pm', 0, '2021-07-27 00:51:19', '2021-07-27 00:51:19'),
(257, 4, '9.00pm', 0, '2021-07-27 00:51:19', '2021-07-27 00:51:19'),
(258, 4, '9.15pm', 0, '2021-07-27 00:51:19', '2021-07-27 00:51:19'),
(259, 4, '9.30pm', 0, '2021-07-27 00:51:19', '2021-07-27 00:51:19'),
(260, 4, '9.45pm', 0, '2021-07-27 00:51:19', '2021-07-27 00:51:19'),
(273, 5, '8.00am', 0, '2021-07-27 22:21:55', '2021-07-27 22:21:55'),
(274, 5, '8.15am', 0, '2021-07-27 22:21:55', '2021-07-27 22:21:55'),
(275, 5, '8.30am', 0, '2021-07-27 22:21:55', '2021-07-27 22:21:55'),
(276, 5, '8.45am', 0, '2021-07-27 22:21:55', '2021-07-27 22:21:55'),
(277, 5, '9.00am', 1, '2021-07-27 22:21:55', '2021-08-05 15:07:57'),
(278, 5, '9.15am', 1, '2021-07-27 22:21:55', '2021-08-05 22:58:02'),
(279, 5, '9.30am', 0, '2021-07-27 22:21:55', '2021-07-27 22:21:55'),
(280, 5, '9.45am', 0, '2021-07-27 22:21:55', '2021-07-27 22:21:55'),
(281, 5, '10.00am', 0, '2021-07-27 22:21:55', '2021-07-27 22:21:55'),
(282, 5, '10.15am', 0, '2021-07-27 22:21:55', '2021-07-27 22:21:55'),
(283, 5, '10.30am', 0, '2021-07-27 22:21:55', '2021-07-27 22:21:55'),
(284, 5, '10.45am', 0, '2021-07-27 22:21:55', '2021-07-27 22:21:55'),
(285, 5, '11.00am', 0, '2021-07-27 22:21:55', '2021-07-27 22:21:55'),
(286, 5, '11.15am', 0, '2021-07-27 22:21:55', '2021-07-27 22:21:55'),
(287, 5, '11.30am', 0, '2021-07-27 22:21:55', '2021-07-27 22:21:55'),
(288, 5, '11.45am', 1, '2021-07-27 22:21:55', '2021-08-06 17:22:06'),
(289, 5, '2.00pm', 1, '2021-07-27 22:21:55', '2021-08-06 17:19:40'),
(290, 5, '2.15pm', 0, '2021-07-27 22:21:55', '2021-07-27 22:21:55'),
(291, 5, '2.30pm', 0, '2021-07-27 22:21:55', '2021-07-27 22:21:55'),
(292, 5, '2.45pm', 0, '2021-07-27 22:21:55', '2021-07-27 22:21:55'),
(293, 5, '3.00pm', 0, '2021-07-27 22:21:55', '2021-07-27 22:21:55'),
(294, 5, '3.15pm', 0, '2021-07-27 22:21:55', '2021-07-27 22:21:55'),
(295, 5, '3.30pm', 0, '2021-07-27 22:21:55', '2021-07-27 22:21:55'),
(296, 5, '3.45pm', 0, '2021-07-27 22:21:55', '2021-07-27 22:21:55'),
(297, 5, '4.00pm', 0, '2021-07-27 22:21:55', '2021-07-27 22:21:55'),
(298, 5, '4.15pm', 0, '2021-07-27 22:21:55', '2021-07-27 22:21:55'),
(299, 5, '4.30pm', 0, '2021-07-27 22:21:55', '2021-07-27 22:21:55'),
(300, 5, '4.45pm', 0, '2021-07-27 22:21:55', '2021-07-27 22:21:55'),
(301, 6, '6.00am', 1, '2021-07-27 22:22:08', '2021-07-28 20:41:27'),
(302, 6, '6.15am', 0, '2021-07-27 22:22:08', '2021-07-27 22:22:08'),
(303, 6, '6.30am', 0, '2021-07-27 22:22:08', '2021-07-27 22:22:08'),
(304, 6, '6.45am', 0, '2021-07-27 22:22:08', '2021-07-27 22:22:08'),
(305, 6, '7.00am', 0, '2021-07-27 22:22:08', '2021-07-27 22:22:08'),
(306, 6, '7.15am', 0, '2021-07-27 22:22:08', '2021-07-27 22:22:08'),
(307, 6, '7.30am', 0, '2021-07-27 22:22:08', '2021-07-27 22:22:08'),
(308, 6, '7.45am', 0, '2021-07-27 22:22:08', '2021-07-27 22:22:08'),
(309, 6, '8.00am', 0, '2021-07-27 22:22:08', '2021-07-27 22:22:08'),
(310, 6, '8.15am', 0, '2021-07-27 22:22:08', '2021-07-27 22:22:08'),
(311, 6, '8.30am', 0, '2021-07-27 22:22:08', '2021-07-27 22:22:08'),
(312, 6, '8.45am', 0, '2021-07-27 22:22:08', '2021-07-27 22:22:08'),
(313, 6, '9.00am', 0, '2021-07-27 22:22:08', '2021-07-27 22:22:08'),
(314, 6, '9.15am', 0, '2021-07-27 22:22:08', '2021-07-27 22:22:08'),
(315, 6, '9.30am', 0, '2021-07-27 22:22:08', '2021-07-27 22:22:08'),
(316, 6, '9.45am', 0, '2021-07-27 22:22:08', '2021-07-27 22:22:08'),
(317, 6, '10.00am', 0, '2021-07-27 22:22:08', '2021-07-27 22:22:08'),
(318, 6, '10.15am', 0, '2021-07-27 22:22:08', '2021-07-27 22:22:08'),
(319, 6, '10.30am', 1, '2021-07-27 22:22:08', '2021-07-28 20:42:41'),
(320, 6, '10.45am', 0, '2021-07-27 22:22:08', '2021-07-27 22:22:08'),
(321, 6, '11.00am', 0, '2021-07-27 22:22:08', '2021-07-27 22:22:08'),
(322, 6, '11.15am', 0, '2021-07-27 22:22:08', '2021-07-27 22:22:08'),
(323, 6, '11.30am', 0, '2021-07-27 22:22:08', '2021-07-27 22:22:08'),
(324, 6, '11.45am', 0, '2021-07-27 22:22:08', '2021-07-27 22:22:08'),
(325, 6, '12.00pm', 0, '2021-07-27 22:22:08', '2021-07-27 22:22:08'),
(326, 6, '12.15pm', 0, '2021-07-27 22:22:08', '2021-07-27 22:22:08'),
(327, 6, '12.30pm', 0, '2021-07-27 22:22:08', '2021-07-27 22:22:08'),
(328, 6, '12.45pm', 0, '2021-07-27 22:22:08', '2021-07-27 22:22:08'),
(329, 6, '1.00pm', 0, '2021-07-27 22:22:08', '2021-07-27 22:22:08'),
(330, 6, '1.15pm', 0, '2021-07-27 22:22:08', '2021-07-27 22:22:08'),
(331, 6, '1.30pm', 0, '2021-07-27 22:22:08', '2021-07-27 22:22:08'),
(332, 6, '1.45pm', 0, '2021-07-27 22:22:08', '2021-07-27 22:22:08'),
(333, 6, '2.00pm', 0, '2021-07-27 22:22:08', '2021-07-27 22:22:08'),
(334, 6, '2.15pm', 0, '2021-07-27 22:22:08', '2021-07-27 22:22:08'),
(335, 6, '2.30pm', 0, '2021-07-27 22:22:08', '2021-07-27 22:22:08'),
(336, 6, '2.45pm', 0, '2021-07-27 22:22:08', '2021-07-27 22:22:08'),
(337, 6, '3.00pm', 0, '2021-07-27 22:22:08', '2021-07-27 22:22:08'),
(338, 6, '3.15pm', 0, '2021-07-27 22:22:08', '2021-07-27 22:22:08'),
(339, 6, '3.30pm', 0, '2021-07-27 22:22:08', '2021-07-27 22:22:08'),
(340, 6, '3.45pm', 0, '2021-07-27 22:22:08', '2021-07-27 22:22:08'),
(341, 6, '4.00pm', 0, '2021-07-27 22:22:08', '2021-07-27 22:22:08'),
(342, 6, '4.15pm', 0, '2021-07-27 22:22:08', '2021-07-27 22:22:08'),
(343, 6, '4.30pm', 0, '2021-07-27 22:22:08', '2021-07-27 22:22:08'),
(344, 6, '4.45pm', 0, '2021-07-27 22:22:08', '2021-07-27 22:22:08'),
(345, 6, '5.00pm', 1, '2021-07-27 22:22:08', '2021-07-28 20:45:48'),
(346, 6, '5.15pm', 0, '2021-07-27 22:22:08', '2021-07-27 22:22:08'),
(347, 6, '5.30pm', 0, '2021-07-27 22:22:08', '2021-07-27 22:22:08'),
(348, 6, '5.45pm', 0, '2021-07-27 22:22:08', '2021-07-27 22:22:08'),
(349, 6, '6.00pm', 0, '2021-07-27 22:22:08', '2021-07-27 22:22:08'),
(350, 6, '6.15pm', 0, '2021-07-27 22:22:08', '2021-07-27 22:22:08'),
(351, 6, '6.30pm', 0, '2021-07-27 22:22:08', '2021-07-27 22:22:08'),
(352, 6, '6.45pm', 0, '2021-07-27 22:22:08', '2021-07-27 22:22:08'),
(353, 6, '7.00pm', 0, '2021-07-27 22:22:08', '2021-07-27 22:22:08'),
(354, 6, '7.15pm', 0, '2021-07-27 22:22:08', '2021-07-27 22:22:08'),
(355, 6, '7.30pm', 0, '2021-07-27 22:22:08', '2021-07-27 22:22:08'),
(356, 6, '7.45pm', 0, '2021-07-27 22:22:08', '2021-07-27 22:22:08'),
(357, 6, '8.00pm', 0, '2021-07-27 22:22:08', '2021-07-27 22:22:08'),
(358, 6, '8.15pm', 0, '2021-07-27 22:22:08', '2021-07-27 22:22:08'),
(359, 6, '8.30pm', 0, '2021-07-27 22:22:08', '2021-07-27 22:22:08'),
(360, 6, '8.45pm', 0, '2021-07-27 22:22:08', '2021-07-27 22:22:08'),
(361, 6, '9.00pm', 0, '2021-07-27 22:22:08', '2021-07-27 22:22:08'),
(362, 6, '9.15pm', 0, '2021-07-27 22:22:08', '2021-07-27 22:22:08'),
(363, 6, '9.30pm', 0, '2021-07-27 22:22:08', '2021-07-27 22:22:08'),
(364, 6, '9.45pm', 0, '2021-07-27 22:22:08', '2021-07-27 22:22:08'),
(365, 3, '8.00am', 0, '2021-07-27 22:46:39', '2021-07-27 22:46:39'),
(366, 3, '8.15am', 0, '2021-07-27 22:46:39', '2021-07-27 22:46:39'),
(367, 3, '8.30am', 0, '2021-07-27 22:46:39', '2021-07-27 22:46:39'),
(368, 3, '8.45am', 0, '2021-07-27 22:46:39', '2021-07-27 22:46:39'),
(369, 3, '9.00am', 0, '2021-07-27 22:46:39', '2021-07-27 22:46:39'),
(370, 3, '9.15am', 0, '2021-07-27 22:46:39', '2021-07-27 22:46:39'),
(371, 3, '9.30am', 0, '2021-07-27 22:46:39', '2021-07-27 22:46:39'),
(372, 3, '9.45am', 0, '2021-07-27 22:46:39', '2021-07-27 22:46:39'),
(373, 3, '10.00am', 0, '2021-07-27 22:46:39', '2021-07-27 22:46:39'),
(374, 3, '10.15am', 0, '2021-07-27 22:46:39', '2021-07-27 22:46:39'),
(375, 3, '10.30am', 0, '2021-07-27 22:46:39', '2021-07-27 22:46:39'),
(376, 3, '10.45am', 0, '2021-07-27 22:46:39', '2021-07-27 22:46:39'),
(377, 3, '11.00am', 0, '2021-07-27 22:46:39', '2021-07-27 22:46:39'),
(378, 3, '11.15am', 0, '2021-07-27 22:46:39', '2021-07-27 22:46:39'),
(379, 3, '11.30am', 0, '2021-07-27 22:46:39', '2021-07-27 22:46:39'),
(380, 3, '11.45am', 0, '2021-07-27 22:46:39', '2021-07-27 22:46:39'),
(381, 7, '6.00am', 0, '2021-07-28 18:30:40', '2021-07-28 18:30:40'),
(382, 7, '6.15am', 0, '2021-07-28 18:30:40', '2021-07-28 18:30:40'),
(383, 7, '6.30am', 0, '2021-07-28 18:30:40', '2021-07-28 18:30:40'),
(384, 7, '6.45am', 0, '2021-07-28 18:30:40', '2021-07-28 18:30:40'),
(385, 7, '7.00am', 0, '2021-07-28 18:30:40', '2021-07-28 18:30:40'),
(386, 7, '7.15am', 0, '2021-07-28 18:30:40', '2021-07-28 18:30:40'),
(387, 7, '7.30am', 0, '2021-07-28 18:30:40', '2021-07-28 18:30:40'),
(388, 7, '7.45am', 0, '2021-07-28 18:30:40', '2021-07-28 18:30:40'),
(389, 7, '8.00am', 0, '2021-07-28 18:30:40', '2021-07-28 18:30:40'),
(390, 7, '8.15am', 0, '2021-07-28 18:30:40', '2021-07-28 18:30:40'),
(391, 7, '8.30am', 0, '2021-07-28 18:30:40', '2021-07-28 18:30:40'),
(392, 7, '8.45am', 0, '2021-07-28 18:30:40', '2021-07-28 18:30:40'),
(393, 7, '9.00am', 0, '2021-07-28 18:30:40', '2021-07-28 18:30:40'),
(394, 7, '9.15am', 0, '2021-07-28 18:30:40', '2021-07-28 18:30:40'),
(395, 7, '9.30am', 0, '2021-07-28 18:30:40', '2021-07-28 18:30:40'),
(396, 7, '9.45am', 0, '2021-07-28 18:30:40', '2021-07-28 18:30:40'),
(397, 7, '10.00am', 0, '2021-07-28 18:30:40', '2021-07-28 18:30:40'),
(398, 7, '10.15am', 0, '2021-07-28 18:30:40', '2021-07-28 18:30:40'),
(399, 7, '10.30am', 0, '2021-07-28 18:30:40', '2021-07-28 18:30:40'),
(400, 7, '10.45am', 0, '2021-07-28 18:30:40', '2021-07-28 18:30:40'),
(401, 7, '11.00am', 0, '2021-07-28 18:30:40', '2021-07-28 18:30:40'),
(402, 7, '11.15am', 0, '2021-07-28 18:30:40', '2021-07-28 18:30:40'),
(403, 7, '11.30am', 0, '2021-07-28 18:30:40', '2021-07-28 18:30:40'),
(404, 7, '11.45am', 0, '2021-07-28 18:30:40', '2021-07-28 18:30:40'),
(405, 7, '12.00pm', 0, '2021-07-28 18:30:40', '2021-07-28 18:30:40'),
(406, 7, '12.15pm', 0, '2021-07-28 18:30:40', '2021-07-28 18:30:40'),
(407, 7, '12.30pm', 0, '2021-07-28 18:30:40', '2021-07-28 18:30:40'),
(408, 7, '12.45pm', 0, '2021-07-28 18:30:40', '2021-07-28 18:30:40'),
(409, 7, '1.00pm', 0, '2021-07-28 18:30:40', '2021-07-28 18:30:40'),
(410, 7, '1.15pm', 0, '2021-07-28 18:30:40', '2021-07-28 18:30:40'),
(411, 7, '1.30pm', 0, '2021-07-28 18:30:40', '2021-07-28 18:30:40'),
(412, 7, '1.45pm', 0, '2021-07-28 18:30:40', '2021-07-28 18:30:40'),
(413, 7, '2.00pm', 0, '2021-07-28 18:30:40', '2021-07-28 18:30:40'),
(414, 7, '2.15pm', 0, '2021-07-28 18:30:40', '2021-07-28 18:30:40'),
(415, 7, '2.30pm', 0, '2021-07-28 18:30:40', '2021-07-28 18:30:40'),
(416, 7, '2.45pm', 0, '2021-07-28 18:30:40', '2021-07-28 18:30:40'),
(417, 7, '3.00pm', 0, '2021-07-28 18:30:40', '2021-07-28 18:30:40'),
(418, 7, '3.15pm', 0, '2021-07-28 18:30:40', '2021-07-28 18:30:40'),
(419, 7, '3.30pm', 0, '2021-07-28 18:30:40', '2021-07-28 18:30:40'),
(420, 7, '3.45pm', 0, '2021-07-28 18:30:40', '2021-07-28 18:30:40'),
(421, 7, '4.00pm', 0, '2021-07-28 18:30:40', '2021-07-28 18:30:40'),
(422, 7, '4.15pm', 0, '2021-07-28 18:30:40', '2021-07-28 18:30:40'),
(423, 7, '4.30pm', 0, '2021-07-28 18:30:40', '2021-07-28 18:30:40'),
(424, 7, '4.45pm', 0, '2021-07-28 18:30:40', '2021-07-28 18:30:40'),
(425, 7, '5.00pm', 0, '2021-07-28 18:30:40', '2021-07-28 18:30:40'),
(426, 7, '5.15pm', 0, '2021-07-28 18:30:40', '2021-07-28 18:30:40'),
(427, 7, '5.30pm', 0, '2021-07-28 18:30:40', '2021-07-28 18:30:40'),
(428, 7, '5.45pm', 0, '2021-07-28 18:30:40', '2021-07-28 18:30:40'),
(429, 7, '6.00pm', 0, '2021-07-28 18:30:40', '2021-07-28 18:30:40'),
(430, 7, '6.15pm', 0, '2021-07-28 18:30:40', '2021-07-28 18:30:40'),
(431, 7, '6.30pm', 0, '2021-07-28 18:30:40', '2021-07-28 18:30:40'),
(432, 7, '6.45pm', 0, '2021-07-28 18:30:40', '2021-07-28 18:30:40'),
(433, 7, '7.00pm', 0, '2021-07-28 18:30:40', '2021-07-28 18:30:40'),
(434, 7, '7.15pm', 0, '2021-07-28 18:30:40', '2021-07-28 18:30:40'),
(435, 7, '7.30pm', 0, '2021-07-28 18:30:40', '2021-07-28 18:30:40'),
(436, 7, '7.45pm', 0, '2021-07-28 18:30:40', '2021-07-28 18:30:40'),
(437, 7, '8.00pm', 0, '2021-07-28 18:30:40', '2021-07-28 18:30:40'),
(438, 7, '8.15pm', 0, '2021-07-28 18:30:40', '2021-07-28 18:30:40'),
(439, 7, '8.30pm', 0, '2021-07-28 18:30:40', '2021-07-28 18:30:40'),
(440, 7, '8.45pm', 0, '2021-07-28 18:30:40', '2021-07-28 18:30:40'),
(441, 7, '9.00pm', 0, '2021-07-28 18:30:40', '2021-07-28 18:30:40'),
(442, 7, '9.15pm', 0, '2021-07-28 18:30:40', '2021-07-28 18:30:40'),
(443, 7, '9.30pm', 0, '2021-07-28 18:30:40', '2021-07-28 18:30:40'),
(444, 7, '9.45pm', 0, '2021-07-28 18:30:40', '2021-07-28 18:30:40'),
(445, 8, '6.00am', 0, '2021-07-28 18:31:38', '2021-07-28 18:31:38'),
(446, 8, '6.15am', 0, '2021-07-28 18:31:38', '2021-07-28 18:31:38'),
(447, 8, '6.30am', 0, '2021-07-28 18:31:38', '2021-07-28 18:31:38'),
(448, 8, '6.45am', 0, '2021-07-28 18:31:38', '2021-07-28 18:31:38'),
(449, 8, '7.00am', 0, '2021-07-28 18:31:38', '2021-07-28 18:31:38'),
(450, 8, '7.15am', 0, '2021-07-28 18:31:38', '2021-07-28 18:31:38'),
(451, 8, '7.30am', 0, '2021-07-28 18:31:38', '2021-07-28 18:31:38'),
(452, 8, '7.45am', 0, '2021-07-28 18:31:38', '2021-07-28 18:31:38'),
(453, 8, '8.00am', 0, '2021-07-28 18:31:38', '2021-07-28 18:31:38'),
(454, 8, '8.15am', 0, '2021-07-28 18:31:38', '2021-07-28 18:31:38'),
(455, 8, '8.30am', 0, '2021-07-28 18:31:38', '2021-07-28 18:31:38'),
(456, 8, '8.45am', 0, '2021-07-28 18:31:38', '2021-07-28 18:31:38'),
(457, 8, '9.00am', 0, '2021-07-28 18:31:38', '2021-07-28 18:31:38'),
(458, 8, '9.15am', 0, '2021-07-28 18:31:38', '2021-07-28 18:31:38'),
(459, 8, '9.30am', 0, '2021-07-28 18:31:38', '2021-07-28 18:31:38'),
(460, 8, '9.45am', 0, '2021-07-28 18:31:38', '2021-07-28 18:31:38'),
(461, 8, '10.00am', 0, '2021-07-28 18:31:38', '2021-07-28 18:31:38'),
(462, 8, '10.15am', 0, '2021-07-28 18:31:38', '2021-07-28 18:31:38'),
(463, 8, '10.30am', 0, '2021-07-28 18:31:38', '2021-07-28 18:31:38'),
(464, 8, '10.45am', 0, '2021-07-28 18:31:38', '2021-07-28 18:31:38'),
(465, 8, '11.00am', 0, '2021-07-28 18:31:38', '2021-07-28 18:31:38'),
(466, 8, '11.15am', 0, '2021-07-28 18:31:38', '2021-07-28 18:31:38'),
(467, 8, '11.30am', 0, '2021-07-28 18:31:38', '2021-07-28 18:31:38'),
(468, 8, '11.45am', 0, '2021-07-28 18:31:38', '2021-07-28 18:31:38'),
(469, 8, '12.00pm', 0, '2021-07-28 18:31:38', '2021-07-28 18:31:38'),
(470, 8, '12.15pm', 0, '2021-07-28 18:31:38', '2021-07-28 18:31:38'),
(471, 8, '12.30pm', 0, '2021-07-28 18:31:38', '2021-07-28 18:31:38'),
(472, 8, '12.45pm', 0, '2021-07-28 18:31:38', '2021-07-28 18:31:38'),
(473, 8, '1.00pm', 0, '2021-07-28 18:31:38', '2021-07-28 18:31:38'),
(474, 8, '1.15pm', 0, '2021-07-28 18:31:38', '2021-07-28 18:31:38'),
(475, 8, '1.30pm', 0, '2021-07-28 18:31:38', '2021-07-28 18:31:38'),
(476, 8, '1.45pm', 0, '2021-07-28 18:31:38', '2021-07-28 18:31:38'),
(477, 8, '2.00pm', 0, '2021-07-28 18:31:38', '2021-07-28 18:31:38'),
(478, 8, '2.15pm', 0, '2021-07-28 18:31:38', '2021-07-28 18:31:38'),
(479, 8, '2.30pm', 0, '2021-07-28 18:31:38', '2021-07-28 18:31:38'),
(480, 8, '2.45pm', 0, '2021-07-28 18:31:38', '2021-07-28 18:31:38'),
(481, 8, '3.00pm', 0, '2021-07-28 18:31:38', '2021-07-28 18:31:38'),
(482, 8, '3.15pm', 0, '2021-07-28 18:31:38', '2021-07-28 18:31:38'),
(483, 8, '3.30pm', 0, '2021-07-28 18:31:38', '2021-07-28 18:31:38'),
(484, 8, '3.45pm', 0, '2021-07-28 18:31:38', '2021-07-28 18:31:38'),
(485, 8, '4.00pm', 0, '2021-07-28 18:31:38', '2021-07-28 18:31:38'),
(486, 8, '4.15pm', 0, '2021-07-28 18:31:38', '2021-07-28 18:31:38'),
(487, 8, '4.30pm', 0, '2021-07-28 18:31:38', '2021-07-28 18:31:38'),
(488, 8, '4.45pm', 0, '2021-07-28 18:31:38', '2021-07-28 18:31:38'),
(489, 8, '5.00pm', 0, '2021-07-28 18:31:38', '2021-07-28 18:31:38'),
(490, 8, '5.15pm', 0, '2021-07-28 18:31:38', '2021-07-28 18:31:38'),
(491, 8, '5.30pm', 0, '2021-07-28 18:31:38', '2021-07-28 18:31:38'),
(492, 8, '5.45pm', 0, '2021-07-28 18:31:38', '2021-07-28 18:31:38'),
(493, 8, '6.00pm', 0, '2021-07-28 18:31:38', '2021-07-28 18:31:38'),
(494, 8, '6.15pm', 0, '2021-07-28 18:31:38', '2021-07-28 18:31:38'),
(495, 8, '6.30pm', 0, '2021-07-28 18:31:38', '2021-07-28 18:31:38'),
(496, 8, '6.45pm', 0, '2021-07-28 18:31:38', '2021-07-28 18:31:38'),
(497, 8, '7.00pm', 0, '2021-07-28 18:31:38', '2021-07-28 18:31:38'),
(498, 8, '7.15pm', 0, '2021-07-28 18:31:38', '2021-07-28 18:31:38'),
(499, 8, '7.30pm', 0, '2021-07-28 18:31:38', '2021-07-28 18:31:38'),
(500, 8, '7.45pm', 0, '2021-07-28 18:31:38', '2021-07-28 18:31:38'),
(501, 8, '8.00pm', 0, '2021-07-28 18:31:38', '2021-07-28 18:31:38'),
(502, 8, '8.15pm', 0, '2021-07-28 18:31:38', '2021-07-28 18:31:38'),
(503, 8, '8.30pm', 0, '2021-07-28 18:31:38', '2021-07-28 18:31:38'),
(504, 8, '8.45pm', 0, '2021-07-28 18:31:38', '2021-07-28 18:31:38'),
(505, 8, '9.00pm', 0, '2021-07-28 18:31:38', '2021-07-28 18:31:38'),
(506, 8, '9.15pm', 0, '2021-07-28 18:31:38', '2021-07-28 18:31:38'),
(507, 8, '9.30pm', 0, '2021-07-28 18:31:38', '2021-07-28 18:31:38'),
(508, 8, '9.45pm', 0, '2021-07-28 18:31:38', '2021-07-28 18:31:38'),
(517, 10, '11.00am', 0, '2021-08-06 02:57:07', '2021-08-06 02:57:07'),
(518, 10, '11.15am', 0, '2021-08-06 02:57:07', '2021-08-06 02:57:07'),
(519, 10, '11.30am', 0, '2021-08-06 02:57:07', '2021-08-06 02:57:07'),
(520, 10, '11.45am', 0, '2021-08-06 02:57:07', '2021-08-06 02:57:07'),
(521, 9, '6.00am', 0, '2021-08-06 02:57:36', '2021-08-06 02:57:36'),
(522, 9, '6.30am', 0, '2021-08-06 02:57:36', '2021-08-06 02:57:36'),
(523, 9, '6.45am', 0, '2021-08-06 02:57:36', '2021-08-06 02:57:36'),
(524, 9, '10.00am', 0, '2021-08-06 02:57:36', '2021-08-06 02:57:36'),
(525, 9, '10.15am', 0, '2021-08-06 02:57:36', '2021-08-06 02:57:36'),
(526, 9, '10.30am', 0, '2021-08-06 02:57:36', '2021-08-06 02:57:36'),
(527, 9, '10.45am', 0, '2021-08-06 02:57:36', '2021-08-06 02:57:36');

-- --------------------------------------------------------

--
-- Table structure for table `users`
--

CREATE TABLE `users` (
  `id` bigint(20) UNSIGNED NOT NULL,
  `name` varchar(255) COLLATE utf8mb4_unicode_ci NOT NULL,
  `email` varchar(255) COLLATE utf8mb4_unicode_ci NOT NULL,
  `email_verified_at` timestamp NULL DEFAULT NULL,
  `password` varchar(255) COLLATE utf8mb4_unicode_ci NOT NULL,
  `role_id` int(11) NOT NULL,
  `address` varchar(255) COLLATE utf8mb4_unicode_ci DEFAULT NULL,
  `phone_number` varchar(255) COLLATE utf8mb4_unicode_ci DEFAULT NULL,
  `department` varchar(255) COLLATE utf8mb4_unicode_ci DEFAULT NULL,
  `image` varchar(255) COLLATE utf8mb4_unicode_ci DEFAULT NULL,
  `education` varchar(255) COLLATE utf8mb4_unicode_ci DEFAULT NULL,
  `description` text COLLATE utf8mb4_unicode_ci DEFAULT NULL,
  `remember_token` varchar(100) COLLATE utf8mb4_unicode_ci DEFAULT NULL,
  `created_at` timestamp NULL DEFAULT NULL,
  `updated_at` timestamp NULL DEFAULT NULL,
  `gender` varchar(255) COLLATE utf8mb4_unicode_ci NOT NULL
) ENGINE=InnoDB DEFAULT CHARSET=utf8mb4 COLLATE=utf8mb4_unicode_ci;

--
-- Dumping data for table `users`
--

INSERT INTO `users` (`id`, `name`, `email`, `email_verified_at`, `password`, `role_id`, `address`, `phone_number`, `department`, `image`, `education`, `description`, `remember_token`, `created_at`, `updated_at`, `gender`) VALUES
(1, 'Adam patient', 'adam-admin@doctor.com', NULL, '$2y$10$MbXEwIKVdX9oqtYe4knyvesfD0gyew65aZef6hGe5cBH3JO7R4QdC', 3, NULL, NULL, NULL, NULL, NULL, NULL, NULL, '2021-07-19 20:46:42', '2021-07-19 20:46:42', 'male'),
(2, 'Adam Test Doctor', 'adam-doctor@doctor.com', NULL, '$2y$10$v6b9.iGD1NvCRnzwuXF3E.8meWbBInVWEjv75AYRRl997XvCDCay2', 1, '123 Lane Dr.', '1231231231', 'Pediatrist', 'ybBFZ9s21yeiPFNyBSm5CiZXHvdx2zt8yY4ZrYnX.jpg', 'Associates Degree', 'Vivamus suscipit tortor eget felis porttitor volutpat. Pellentesque in ipsum id orci porta dapibus. Vestibulum ac diam sit amet quam vehicula elementum sed sit amet dui. Vestibulum ac diam sit amet quam vehicula elementum sed sit amet dui. Sed porttitor lectus nibh. Curabitur arcu erat, accumsan id imperdiet et, porttitor at sem.', NULL, '2021-07-20 00:08:22', '2021-07-20 00:08:22', 'male'),
(3, 'Test Admin2', 'test-admi3n@doctor.com', NULL, '$2y$10$GMG44UF1uBjXGGXdQMId.Oray8/3L5uoGdCNghmK0aA98/P43naYK', 2, 'test-admi3n@doctor.com', '1231231231', 'Neurologist', 'oV1eHS4Po55qrJYgRlJ8sr5p07rWrT8MW6pQArpg.jpg', 'Middle School', 'Nulla porttitor accumsan tincidunt. Vestibulum ac diam sit amet quam vehicula elementum sed sit amet dui. Curabitur aliquet quam id dui posuere blandit. Pellentesque in ipsum id orci porta dapibus. Praesent sapien massa, convallis a pellentesque nec, egestas non nisi. Curabitur arcu erat, accumsan id imperdiet et, porttitor at sem.', NULL, '2021-07-20 20:48:05', '2021-07-21 20:09:11', 'male'),
(4, 'Priscilla Test Doctor', 'cilla-doctor@doctor.com', NULL, '$2y$10$jqMhXc.N3B4Ig7QjHK/nXOOT6/hH1Qxmg6H227H.Zwx8kt7VyT1Xa', 1, 'cilla-doctor@doctor.com', '1231231231', 'Cardiologists', 'uOLHhdul3cdTOunfJK0BrOyBJDpmerfOBqZ3tv3Q.jpg', 'MBBS', 'Nulla quis lorem ut libero malesuada feugiat. Cras ultricies ligula sed magna dictum porta. Cras ultricies ligula sed magna dictum porta. Vestibulum ac diam sit amet quam vehicula elementum sed sit amet dui. Donec rutrum congue leo eget malesuada. Pellentesque in ipsum id orci porta dapibus.', NULL, '2021-07-21 20:17:52', '2021-08-10 23:31:54', 'non-binary'),
(6, 'Adam Doctor Test', 'adam-doctor-test@doctor.com', NULL, '$2y$10$DcYWTW2ScLjdquZy872gt.e6op1iboXhNgBkjjSDLpCl5bdnDM24i', 1, '123 Lane Dr.', '1231231231', 'Web Design', '4RlIqkEhEAGQTwLaELUpjClcxwmbMaZYjoCEymUU.jpg', 'High School', 'Proin eget tortor risus. Pellentesque in ipsum id orci porta dapibus. Quisque velit nisi, pretium ut lacinia in, elementum id enim. Mauris blandit aliquet elit, eget tincidunt nibh pulvinar a.', 'SPZ9j2JucO8Rd2Dk84nr6FxB9mHmqy3FoIV5TPg3yw2Sjr5Ikd9KeHrGK3Mv', '2021-07-22 19:15:27', '2021-07-22 19:15:27', 'male'),
(7, 'Ultra Spider-Patient', 'spider@test.com', NULL, '$2y$10$9yz30xEiEDH7XDEP7G3lZeFfR0.u6Ac9DM/qpv6s29r4dc0wPb85O', 3, '456 Street Rd', '999-999-9999', NULL, '1628099400.png', NULL, 'I am a new biography', NULL, '2021-07-29 00:45:39', '2021-08-04 21:50:00', 'male'),
(8, 'Batman', 'batman1@patient.com', NULL, '$2y$10$SdXpLzMcAGmdupWYwe10..xj2Nh1IsxXPZG3tHvthST68yInxD6jy', 3, NULL, NULL, NULL, NULL, NULL, NULL, NULL, '2021-08-05 19:06:58', '2021-08-05 19:06:58', 'male');

--
-- Indexes for dumped tables
--

--
-- Indexes for table `appointments`
--
ALTER TABLE `appointments`
  ADD PRIMARY KEY (`id`);

--
-- Indexes for table `bookings`
--
ALTER TABLE `bookings`
  ADD PRIMARY KEY (`id`);

--
-- Indexes for table `departments`
--
ALTER TABLE `departments`
  ADD PRIMARY KEY (`id`);

--
-- Indexes for table `failed_jobs`
--
ALTER TABLE `failed_jobs`
  ADD PRIMARY KEY (`id`);

--
-- Indexes for table `migrations`
--
ALTER TABLE `migrations`
  ADD PRIMARY KEY (`id`);

--
-- Indexes for table `password_resets`
--
ALTER TABLE `password_resets`
  ADD KEY `password_resets_email_index` (`email`);

--
-- Indexes for table `prescriptions`
--
ALTER TABLE `prescriptions`
  ADD PRIMARY KEY (`id`);

--
-- Indexes for table `roles`
--
ALTER TABLE `roles`
  ADD PRIMARY KEY (`id`);

--
-- Indexes for table `times`
--
ALTER TABLE `times`
  ADD PRIMARY KEY (`id`);

--
-- Indexes for table `users`
--
ALTER TABLE `users`
  ADD PRIMARY KEY (`id`),
  ADD UNIQUE KEY `users_email_unique` (`email`);

--
-- AUTO_INCREMENT for dumped tables
--

--
-- AUTO_INCREMENT for table `appointments`
--
ALTER TABLE `appointments`
  MODIFY `id` bigint(20) UNSIGNED NOT NULL AUTO_INCREMENT, AUTO_INCREMENT=11;

--
-- AUTO_INCREMENT for table `bookings`
--
ALTER TABLE `bookings`
  MODIFY `id` bigint(20) UNSIGNED NOT NULL AUTO_INCREMENT, AUTO_INCREMENT=13;

--
-- AUTO_INCREMENT for table `departments`
--
ALTER TABLE `departments`
  MODIFY `id` bigint(20) UNSIGNED NOT NULL AUTO_INCREMENT, AUTO_INCREMENT=9;

--
-- AUTO_INCREMENT for table `failed_jobs`
--
ALTER TABLE `failed_jobs`
  MODIFY `id` bigint(20) UNSIGNED NOT NULL AUTO_INCREMENT;

--
-- AUTO_INCREMENT for table `migrations`
--
ALTER TABLE `migrations`
  MODIFY `id` int(10) UNSIGNED NOT NULL AUTO_INCREMENT, AUTO_INCREMENT=12;

--
-- AUTO_INCREMENT for table `prescriptions`
--
ALTER TABLE `prescriptions`
  MODIFY `id` bigint(20) UNSIGNED NOT NULL AUTO_INCREMENT, AUTO_INCREMENT=4;

--
-- AUTO_INCREMENT for table `roles`
--
ALTER TABLE `roles`
  MODIFY `id` bigint(20) UNSIGNED NOT NULL AUTO_INCREMENT, AUTO_INCREMENT=4;

--
-- AUTO_INCREMENT for table `times`
--
ALTER TABLE `times`
  MODIFY `id` bigint(20) UNSIGNED NOT NULL AUTO_INCREMENT, AUTO_INCREMENT=528;

--
-- AUTO_INCREMENT for table `users`
--
ALTER TABLE `users`
  MODIFY `id` bigint(20) UNSIGNED NOT NULL AUTO_INCREMENT, AUTO_INCREMENT=9;
COMMIT;

/*!40101 SET CHARACTER_SET_CLIENT=@OLD_CHARACTER_SET_CLIENT */;
/*!40101 SET CHARACTER_SET_RESULTS=@OLD_CHARACTER_SET_RESULTS */;
/*!40101 SET COLLATION_CONNECTION=@OLD_COLLATION_CONNECTION */;
